league,country,test_events,accuracy
england_epl_2017-2018,england,2858,0.33135059482155355
england_epl_2018-2019,england,4696,0.3264480408858603
england_epl_2019-2020,england,4444,0.3132313231323132
england_epl_2020-2021,england,4965,0.3049345417925478
england_epl_2021-2022,england,3499,0.3115175764504144
england_epl_2022-2023,england,6620,0.3219033232628399
england_epl_2023-2024,england,1661,0.29981938591210117
europe_champions-league_2017-2018,europe,2026,0.31145113524185586
europe_champions-league_2018-2019,europe,4131,0.31469377874606635
europe_champions-league_2019-2020,europe,4023,0.30847626149639573
europe_champions-league_2020-2021,europe,4163,0.3281287533029066
europe_champions-league_2021-2022,europe,5150,0.31223300970873785
europe_champions-league_2022-2023,europe,5292,0.31179138321995464
europe_champions-league_2023-2024,europe,1974,0.30344478216818643
france_league-1_2017-2018,france,365,0.31232876712328766
france_league-1_2018-2019,france,977,0.3060388945752303
france_league-1_2019-2020,france,939,0.3003194888178914
france_league-1_2020-2021,france,533,0.3395872420262664
france_league-1_2021-2022,france,1216,0.3100328947368421
france_league-1_2022-2023,france,1878,0.33120340788072417
france_league-1_2023-2024,france,568,0.3204225352112676
germany_bundesliga_2017-2018,germany,753,0.3054448871181939
germany_bundesliga_2018-2019,germany,2067,0.3193033381712627
germany_bundesliga_2019-2020,germany,1837,0.3195427327163854
germany_bundesliga_2020-2021,germany,2733,0.32491767288693746
germany_bundesliga_2021-2022,germany,1923,0.3166926677067083
germany_bundesliga_2022-2023,germany,2274,0.3386103781882146
germany_bundesliga_2023-2024,germany,838,0.3341288782816229
italy_serie-a_2017-2018,italy,1725,0.33217391304347826
italy_serie-a_2018-2019,italy,3090,0.3058252427184466
italy_serie-a_2019-2020,italy,3342,0.2923399162178336
italy_serie-a_2020-2021,italy,2424,0.3250825082508251
italy_serie-a_2021-2022,italy,3452,0.3253186558516802
italy_serie-a_2022-2023,italy,4083,0.3387215282880235
italy_serie-a_2023-2024,italy,1021,0.32908912830558273
spain_laliga_2017-2018,spain,1049,0.32411820781696854
spain_laliga_2018-2019,spain,439,0.31890660592255127
spain_laliga_2019-2020,spain,1281,0.29508196721311475
spain_laliga_2020-2021,spain,2531,0.3180561043065982
spain_laliga_2021-2022,spain,3219,0.3193538365952159
spain_laliga_2022-2023,spain,3052,0.31258191349934467
spain_laliga_2023-2024,spain,978,0.3220858895705521
